{
  "accuracy": 0.75,
  "f1_macro": 0.7089947089947088,
  "f1_met_not_met": 0.7777777777777777,
  "cohens_kappa": 0.6031746031746033,
  "confusion_matrix": [
    [
      8,
      0,
      0
    ],
    [
      2,
      5,
      1
    ],
    [
      0,
      2,
      2
    ]
  ],
  "confusion_matrix_labels": [
    "MET",
    "NOT_MET",
    "UNKNOWN"
  ],
  "f1_per_class": {
    "MET": 0.8888888888888888,
    "NOT_MET": 0.6666666666666666,
    "UNKNOWN": 0.5714285714285714
  },
  "by_criterion_type": {
    "inclusion": {
      "accuracy": 0.5,
      "f1_macro": 0.5,
      "f1_met_not_met": 0.5,
      "cohens_kappa": 0.23809523809523814,
      "confusion_matrix": [
        [
          1,
          0,
          0
        ],
        [
          2,
          2,
          1
        ],
        [
          0,
          1,
          1
        ]
      ],
      "confusion_matrix_labels": [
        "MET",
        "NOT_MET",
        "UNKNOWN"
      ],
      "f1_per_class": {
        "MET": 0.5,
        "NOT_MET": 0.5,
        "UNKNOWN": 0.5
      }
    },
    "exclusion": {
      "accuracy": 0.9166666666666666,
      "f1_macro": 0.8412698412698413,
      "f1_met_not_met": 0.9285714285714286,
      "cohens_kappa": 0.8518518518518519,
      "confusion_matrix": [
        [
          7,
          0,
          0
        ],
        [
          0,
          3,
          0
        ],
        [
          0,
          1,
          1
        ]
      ],
      "confusion_matrix_labels": [
        "MET",
        "NOT_MET",
        "UNKNOWN"
      ],
      "f1_per_class": {
        "MET": 1.0,
        "NOT_MET": 0.8571428571428571,
        "UNKNOWN": 0.6666666666666666
      }
    }
  },
  "calibration": {
    "met_bias": 0.09999999999999998,
    "unknown_rate_diff": -0.05000000000000002
  },
  "mean_evidence_overlap": 0.25,
  "gpt4_baseline_accuracy": 0.95,
  "gpt4_baseline_f1_macro": 0.9581699346405229,
  "trial_level": {
    "n_unique_trials": 18,
    "ELIGIBLE": 3,
    "EXCLUDED": 6,
    "NOT_RELEVANT": 3,
    "UNCERTAIN": 6
  }
}