{
  "accuracy": 0.75,
  "f1_macro": 0.5583333333333333,
  "f1_met_not_met": 0.8375,
  "cohens_kappa": 0.5833333333333334,
  "confusion_matrix": [
    [
      7,
      1,
      0
    ],
    [
      0,
      8,
      0
    ],
    [
      1,
      3,
      0
    ]
  ],
  "confusion_matrix_labels": [
    "MET",
    "NOT_MET",
    "UNKNOWN"
  ],
  "f1_per_class": {
    "MET": 0.875,
    "NOT_MET": 0.8,
    "UNKNOWN": 0.0
  },
  "by_criterion_type": {
    "inclusion": {
      "accuracy": 0.6666666666666666,
      "f1_macro": 0.5421245421245421,
      "f1_met_not_met": 0.8131868131868132,
      "cohens_kappa": 0.4782608695652174,
      "confusion_matrix": [
        [
          3,
          0,
          0
        ],
        [
          0,
          5,
          0
        ],
        [
          1,
          3,
          0
        ]
      ],
      "confusion_matrix_labels": [
        "MET",
        "NOT_MET",
        "UNKNOWN"
      ],
      "f1_per_class": {
        "MET": 0.8571428571428571,
        "NOT_MET": 0.7692307692307693,
        "UNKNOWN": 0.0
      }
    },
    "exclusion": {
      "accuracy": 0.875,
      "f1_macro": 0.582010582010582,
      "f1_met_not_met": 0.873015873015873,
      "cohens_kappa": 0.75,
      "confusion_matrix": [
        [
          4,
          1,
          0
        ],
        [
          0,
          3,
          0
        ],
        [
          0,
          0,
          0
        ]
      ],
      "confusion_matrix_labels": [
        "MET",
        "NOT_MET",
        "UNKNOWN"
      ],
      "f1_per_class": {
        "MET": 0.8888888888888888,
        "NOT_MET": 0.8571428571428571,
        "UNKNOWN": 0.0
      }
    }
  },
  "calibration": {
    "met_bias": 0.0,
    "unknown_rate_diff": -0.2
  },
  "mean_evidence_overlap": 0.0,
  "gpt4_baseline_accuracy": 0.75,
  "gpt4_baseline_f1_macro": 0.746031746031746,
  "trial_level": {
    "n_unique_trials": 15,
    "ELIGIBLE": 3,
    "EXCLUDED": 2,
    "NOT_RELEVANT": 7,
    "UNCERTAIN": 3
  }
}