{
  "accuracy": 0.35,
  "f1_macro": 0.373015873015873,
  "f1_met_not_met": 0.2738095238095238,
  "cohens_kappa": -0.03174603174603163,
  "confusion_matrix": [
    [
      4,
      3,
      1
    ],
    [
      7,
      1,
      0
    ],
    [
      2,
      0,
      2
    ]
  ],
  "confusion_matrix_labels": [
    "MET",
    "NOT_MET",
    "UNKNOWN"
  ],
  "f1_per_class": {
    "MET": 0.38095238095238093,
    "NOT_MET": 0.16666666666666666,
    "UNKNOWN": 0.5714285714285714
  },
  "mean_evidence_overlap": 0.35,
  "gpt4_baseline_accuracy": 0.75,
  "gpt4_baseline_f1_macro": 0.746031746031746,
  "trial_level": {
    "n_unique_trials": 15,
    "ELIGIBLE": 5,
    "EXCLUDED": 4,
    "NOT_RELEVANT": 0,
    "UNCERTAIN": 6
  }
}