{
  "accuracy": 0.6,
  "f1_macro": 0.5754985754985754,
  "f1_met_not_met": 0.641025641025641,
  "cohens_kappa": 0.3846153846153846,
  "confusion_matrix": [
    [
      6,
      1,
      1
    ],
    [
      2,
      4,
      2
    ],
    [
      2,
      0,
      2
    ]
  ],
  "confusion_matrix_labels": [
    "MET",
    "NOT_MET",
    "UNKNOWN"
  ],
  "f1_per_class": {
    "MET": 0.6666666666666666,
    "NOT_MET": 0.6153846153846154,
    "UNKNOWN": 0.4444444444444444
  },
  "by_criterion_type": {
    "inclusion": {
      "accuracy": 0.7272727272727273,
      "f1_macro": 0.7777777777777777,
      "f1_met_not_met": 0.6666666666666666,
      "cohens_kappa": 0.5714285714285714,
      "confusion_matrix": [
        [
          3,
          1,
          0
        ],
        [
          2,
          3,
          0
        ],
        [
          0,
          0,
          2
        ]
      ],
      "confusion_matrix_labels": [
        "MET",
        "NOT_MET",
        "UNKNOWN"
      ],
      "f1_per_class": {
        "MET": 0.6666666666666666,
        "NOT_MET": 0.6666666666666666,
        "UNKNOWN": 1.0
      }
    },
    "exclusion": {
      "accuracy": 0.4444444444444444,
      "f1_macro": 0.38888888888888884,
      "f1_met_not_met": 0.5833333333333333,
      "cohens_kappa": 0.13461538461538458,
      "confusion_matrix": [
        [
          3,
          0,
          1
        ],
        [
          0,
          1,
          2
        ],
        [
          2,
          0,
          0
        ]
      ],
      "confusion_matrix_labels": [
        "MET",
        "NOT_MET",
        "UNKNOWN"
      ],
      "f1_per_class": {
        "MET": 0.6666666666666666,
        "NOT_MET": 0.5,
        "UNKNOWN": 0.0
      }
    }
  },
  "calibration": {
    "met_bias": 0.09999999999999998,
    "unknown_rate_diff": 0.04999999999999999
  },
  "mean_evidence_overlap": 0.55,
  "gpt4_baseline_accuracy": 0.9,
  "gpt4_baseline_f1_macro": 0.9153439153439153,
  "trial_level": {
    "n_unique_trials": 19,
    "ELIGIBLE": 5,
    "EXCLUDED": 5,
    "NOT_RELEVANT": 4,
    "UNCERTAIN": 5
  }
}