{
  "accuracy": 0.85,
  "f1_macro": 0.8546296296296297,
  "f1_met_not_met": 0.8375,
  "cohens_kappa": 0.7692307692307692,
  "confusion_matrix": [
    [
      7,
      1,
      0
    ],
    [
      1,
      6,
      1
    ],
    [
      0,
      0,
      4
    ]
  ],
  "confusion_matrix_labels": [
    "MET",
    "NOT_MET",
    "UNKNOWN"
  ],
  "f1_per_class": {
    "MET": 0.875,
    "NOT_MET": 0.8,
    "UNKNOWN": 0.8888888888888888
  },
  "by_criterion_type": {
    "inclusion": {
      "accuracy": 0.9166666666666666,
      "f1_macro": 0.9153439153439153,
      "f1_met_not_met": 0.873015873015873,
      "cohens_kappa": 0.875,
      "confusion_matrix": [
        [
          3,
          0,
          0
        ],
        [
          1,
          4,
          0
        ],
        [
          0,
          0,
          4
        ]
      ],
      "confusion_matrix_labels": [
        "MET",
        "NOT_MET",
        "UNKNOWN"
      ],
      "f1_per_class": {
        "MET": 0.8571428571428571,
        "NOT_MET": 0.8888888888888888,
        "UNKNOWN": 1.0
      }
    },
    "exclusion": {
      "accuracy": 0.75,
      "f1_macro": 0.5185185185185185,
      "f1_met_not_met": 0.7777777777777777,
      "cohens_kappa": 0.5428571428571429,
      "confusion_matrix": [
        [
          4,
          1,
          0
        ],
        [
          0,
          2,
          1
        ],
        [
          0,
          0,
          0
        ]
      ],
      "confusion_matrix_labels": [
        "MET",
        "NOT_MET",
        "UNKNOWN"
      ],
      "f1_per_class": {
        "MET": 0.8888888888888888,
        "NOT_MET": 0.6666666666666666,
        "UNKNOWN": 0.0
      }
    }
  },
  "calibration": {
    "met_bias": 0.0,
    "unknown_rate_diff": 0.04999999999999999
  },
  "mean_evidence_overlap": 0.25,
  "gpt4_baseline_accuracy": 0.75,
  "gpt4_baseline_f1_macro": 0.746031746031746,
  "trial_level": {
    "n_unique_trials": 15,
    "ELIGIBLE": 3,
    "EXCLUDED": 2,
    "NOT_RELEVANT": 4,
    "UNCERTAIN": 6
  }
}