{
  "accuracy": 0.7,
  "f1_macro": 0.69281045751634,
  "f1_met_not_met": 0.7058823529411765,
  "cohens_kappa": 0.5161290322580645,
  "confusion_matrix": [
    [
      6,
      2,
      0
    ],
    [
      2,
      6,
      0
    ],
    [
      1,
      1,
      2
    ]
  ],
  "confusion_matrix_labels": [
    "MET",
    "NOT_MET",
    "UNKNOWN"
  ],
  "f1_per_class": {
    "MET": 0.7058823529411765,
    "NOT_MET": 0.7058823529411765,
    "UNKNOWN": 0.6666666666666666
  },
  "by_criterion_type": {
    "inclusion": {
      "accuracy": 0.8,
      "f1_macro": 0.8000000000000002,
      "f1_met_not_met": 0.8,
      "cohens_kappa": 0.6825396825396826,
      "confusion_matrix": [
        [
          2,
          0,
          0
        ],
        [
          1,
          4,
          0
        ],
        [
          0,
          1,
          2
        ]
      ],
      "confusion_matrix_labels": [
        "MET",
        "NOT_MET",
        "UNKNOWN"
      ],
      "f1_per_class": {
        "MET": 0.8,
        "NOT_MET": 0.8,
        "UNKNOWN": 0.8
      }
    },
    "exclusion": {
      "accuracy": 0.6,
      "f1_macro": 0.41269841269841273,
      "f1_met_not_met": 0.6190476190476191,
      "cohens_kappa": 0.23076923076923084,
      "confusion_matrix": [
        [
          4,
          2,
          0
        ],
        [
          1,
          2,
          0
        ],
        [
          1,
          0,
          0
        ]
      ],
      "confusion_matrix_labels": [
        "MET",
        "NOT_MET",
        "UNKNOWN"
      ],
      "f1_per_class": {
        "MET": 0.6666666666666666,
        "NOT_MET": 0.5714285714285714,
        "UNKNOWN": 0.0
      }
    }
  },
  "calibration": {
    "met_bias": 0.04999999999999999,
    "unknown_rate_diff": -0.1
  },
  "mean_evidence_overlap": 0.7,
  "gpt4_baseline_accuracy": 0.85,
  "gpt4_baseline_f1_macro": 0.8368024132730015,
  "trial_level": {
    "n_unique_trials": 17,
    "ELIGIBLE": 3,
    "EXCLUDED": 4,
    "NOT_RELEVANT": 5,
    "UNCERTAIN": 5
  }
}