{
  "mode": "findings_only",
  "medgemma_4b": {
    "n_cases": 20,
    "avg_latency_ms": 24508.915570700083,
    "total_cost_usd": 0.15658473836836165,
    "findings_rouge_recall_mean": 0.2188984904907767,
    "findings_rouge_precision_mean": 0.08162642662064507,
    "findings_rouge_fmeasure_mean": 0.09967538438378856,
    "findings_judge_good": 0.05,
    "findings_judge_partial": 0.2,
    "findings_judge_poor": 0.75,
    "findings_key_finding_rate": 0.25
  },
  "gemini_pro": {
    "n_cases": 20,
    "avg_latency_ms": 10652.032991649776,
    "total_cost_usd": 0.11420374999999999,
    "findings_rouge_recall_mean": 0.3103744663240816,
    "findings_rouge_precision_mean": 0.06930799817174951,
    "findings_rouge_fmeasure_mean": 0.1054825242234622,
    "findings_judge_good": 0.3,
    "findings_judge_partial": 0.15,
    "findings_judge_poor": 0.55,
    "findings_key_finding_rate": 0.35
  }
}