{
  "accuracy": 0.45,
  "f1_macro": 0.44700854700854703,
  "f1_met_not_met": 0.40384615384615385,
  "cohens_kappa": 0.22535211267605637,
  "confusion_matrix": [
    [
      3,
      3,
      2
    ],
    [
      1,
      2,
      5
    ],
    [
      0,
      0,
      4
    ]
  ],
  "confusion_matrix_labels": [
    "MET",
    "NOT_MET",
    "UNKNOWN"
  ],
  "f1_per_class": {
    "MET": 0.5,
    "NOT_MET": 0.3076923076923077,
    "UNKNOWN": 0.5333333333333333
  },
  "by_criterion_type": {
    "inclusion": {
      "accuracy": 0.5833333333333334,
      "f1_macro": 0.5598845598845599,
      "f1_met_not_met": 0.47619047619047616,
      "cohens_kappa": 0.38144329896907203,
      "confusion_matrix": [
        [
          2,
          1,
          0
        ],
        [
          1,
          1,
          3
        ],
        [
          0,
          0,
          4
        ]
      ],
      "confusion_matrix_labels": [
        "MET",
        "NOT_MET",
        "UNKNOWN"
      ],
      "f1_per_class": {
        "MET": 0.6666666666666666,
        "NOT_MET": 0.2857142857142857,
        "UNKNOWN": 0.7272727272727273
      }
    },
    "exclusion": {
      "accuracy": 0.25,
      "f1_macro": 0.2222222222222222,
      "f1_met_not_met": 0.3333333333333333,
      "cohens_kappa": 0.040000000000000036,
      "confusion_matrix": [
        [
          1,
          2,
          2
        ],
        [
          0,
          1,
          2
        ],
        [
          0,
          0,
          0
        ]
      ],
      "confusion_matrix_labels": [
        "MET",
        "NOT_MET",
        "UNKNOWN"
      ],
      "f1_per_class": {
        "MET": 0.3333333333333333,
        "NOT_MET": 0.3333333333333333,
        "UNKNOWN": 0.0
      }
    }
  },
  "calibration": {
    "met_bias": -0.2,
    "unknown_rate_diff": 0.35000000000000003
  },
  "mean_evidence_overlap": 0.8,
  "gpt4_baseline_accuracy": 0.75,
  "gpt4_baseline_f1_macro": 0.746031746031746,
  "trial_level": {
    "n_unique_trials": 15,
    "ELIGIBLE": 1,
    "EXCLUDED": 1,
    "NOT_RELEVANT": 2,
    "UNCERTAIN": 11
  }
}