{
  "accuracy": 0.75,
  "f1_macro": 0.7297619047619048,
  "f1_met_not_met": 0.7946428571428572,
  "cohens_kappa": 0.6212121212121212,
  "confusion_matrix": [
    [
      7,
      0,
      1
    ],
    [
      1,
      5,
      2
    ],
    [
      0,
      1,
      3
    ]
  ],
  "confusion_matrix_labels": [
    "MET",
    "NOT_MET",
    "UNKNOWN"
  ],
  "f1_per_class": {
    "MET": 0.875,
    "NOT_MET": 0.7142857142857143,
    "UNKNOWN": 0.6
  },
  "by_criterion_type": {
    "inclusion": {
      "accuracy": 0.6666666666666666,
      "f1_macro": 0.688888888888889,
      "f1_met_not_met": 0.7333333333333334,
      "cohens_kappa": 0.4893617021276595,
      "confusion_matrix": [
        [
          2,
          0,
          1
        ],
        [
          0,
          3,
          2
        ],
        [
          0,
          1,
          3
        ]
      ],
      "confusion_matrix_labels": [
        "MET",
        "NOT_MET",
        "UNKNOWN"
      ],
      "f1_per_class": {
        "MET": 0.8,
        "NOT_MET": 0.6666666666666666,
        "UNKNOWN": 0.6
      }
    },
    "exclusion": {
      "accuracy": 0.875,
      "f1_macro": 0.5696969696969697,
      "f1_met_not_met": 0.8545454545454545,
      "cohens_kappa": 0.7142857142857143,
      "confusion_matrix": [
        [
          5,
          0,
          0
        ],
        [
          1,
          2,
          0
        ],
        [
          0,
          0,
          0
        ]
      ],
      "confusion_matrix_labels": [
        "MET",
        "NOT_MET",
        "UNKNOWN"
      ],
      "f1_per_class": {
        "MET": 0.9090909090909091,
        "NOT_MET": 0.8,
        "UNKNOWN": 0.0
      }
    }
  },
  "calibration": {
    "met_bias": 0.0,
    "unknown_rate_diff": 0.09999999999999998
  },
  "mean_evidence_overlap": 0.8,
  "gpt4_baseline_accuracy": 0.75,
  "gpt4_baseline_f1_macro": 0.746031746031746,
  "trial_level": {
    "n_unique_trials": 15,
    "ELIGIBLE": 1,
    "EXCLUDED": 4,
    "NOT_RELEVANT": 4,
    "UNCERTAIN": 6
  }
}