{
  "accuracy": 0.9,
  "f1_macro": 0.8911064425770308,
  "f1_met_not_met": 0.9080882352941176,
  "cohens_kappa": 0.8412698412698413,
  "confusion_matrix": [
    [
      8,
      0,
      0
    ],
    [
      1,
      7,
      0
    ],
    [
      0,
      1,
      3
    ]
  ],
  "confusion_matrix_labels": [
    "MET",
    "NOT_MET",
    "UNKNOWN"
  ],
  "f1_per_class": {
    "MET": 0.9411764705882353,
    "NOT_MET": 0.875,
    "UNKNOWN": 0.8571428571428571
  },
  "by_criterion_type": {
    "inclusion": {
      "accuracy": 0.875,
      "f1_macro": 0.8518518518518517,
      "f1_met_not_met": 0.7777777777777777,
      "cohens_kappa": 0.7894736842105263,
      "confusion_matrix": [
        [
          1,
          0,
          0
        ],
        [
          1,
          4,
          0
        ],
        [
          0,
          0,
          2
        ]
      ],
      "confusion_matrix_labels": [
        "MET",
        "NOT_MET",
        "UNKNOWN"
      ],
      "f1_per_class": {
        "MET": 0.6666666666666666,
        "NOT_MET": 0.8888888888888888,
        "UNKNOWN": 1.0
      }
    },
    "exclusion": {
      "accuracy": 0.9166666666666666,
      "f1_macro": 0.8412698412698413,
      "f1_met_not_met": 0.9285714285714286,
      "cohens_kappa": 0.8518518518518519,
      "confusion_matrix": [
        [
          7,
          0,
          0
        ],
        [
          0,
          3,
          0
        ],
        [
          0,
          1,
          1
        ]
      ],
      "confusion_matrix_labels": [
        "MET",
        "NOT_MET",
        "UNKNOWN"
      ],
      "f1_per_class": {
        "MET": 1.0,
        "NOT_MET": 0.8571428571428571,
        "UNKNOWN": 0.6666666666666666
      }
    }
  },
  "calibration": {
    "met_bias": 0.04999999999999999,
    "unknown_rate_diff": -0.05000000000000002
  },
  "mean_evidence_overlap": 0.2,
  "gpt4_baseline_accuracy": 0.95,
  "gpt4_baseline_f1_macro": 0.9581699346405229,
  "trial_level": {
    "n_unique_trials": 18,
    "ELIGIBLE": 2,
    "EXCLUDED": 5,
    "NOT_RELEVANT": 4,
    "UNCERTAIN": 7
  }
}