{
  "accuracy": 0.55,
  "f1_macro": 0.418859649122807,
  "f1_met_not_met": 0.6282894736842105,
  "cohens_kappa": 0.2622950819672131,
  "confusion_matrix": [
    [
      5,
      2,
      1
    ],
    [
      2,
      6,
      0
    ],
    [
      1,
      3,
      0
    ]
  ],
  "confusion_matrix_labels": [
    "MET",
    "NOT_MET",
    "UNKNOWN"
  ],
  "f1_per_class": {
    "MET": 0.625,
    "NOT_MET": 0.631578947368421,
    "UNKNOWN": 0.0
  },
  "by_criterion_type": {
    "inclusion": {
      "accuracy": 0.5,
      "f1_macro": 0.3717948717948718,
      "f1_met_not_met": 0.5576923076923077,
      "cohens_kappa": 0.1071428571428571,
      "confusion_matrix": [
        [
          1,
          1,
          0
        ],
        [
          1,
          4,
          0
        ],
        [
          0,
          3,
          0
        ]
      ],
      "confusion_matrix_labels": [
        "MET",
        "NOT_MET",
        "UNKNOWN"
      ],
      "f1_per_class": {
        "MET": 0.5,
        "NOT_MET": 0.6153846153846154,
        "UNKNOWN": 0.0
      }
    },
    "exclusion": {
      "accuracy": 0.6,
      "f1_macro": 0.4444444444444444,
      "f1_met_not_met": 0.6666666666666666,
      "cohens_kappa": 0.2592592592592593,
      "confusion_matrix": [
        [
          4,
          1,
          1
        ],
        [
          1,
          2,
          0
        ],
        [
          1,
          0,
          0
        ]
      ],
      "confusion_matrix_labels": [
        "MET",
        "NOT_MET",
        "UNKNOWN"
      ],
      "f1_per_class": {
        "MET": 0.6666666666666666,
        "NOT_MET": 0.6666666666666666,
        "UNKNOWN": 0.0
      }
    }
  },
  "calibration": {
    "met_bias": 0.0,
    "unknown_rate_diff": -0.15000000000000002
  },
  "mean_evidence_overlap": 0.2,
  "gpt4_baseline_accuracy": 0.85,
  "gpt4_baseline_f1_macro": 0.8368024132730015,
  "trial_level": {
    "n_unique_trials": 17,
    "ELIGIBLE": 2,
    "EXCLUDED": 3,
    "NOT_RELEVANT": 8,
    "UNCERTAIN": 4
  }
}