{
  "accuracy": 0.7,
  "f1_macro": 0.688888888888889,
  "f1_met_not_met": 0.7333333333333334,
  "cohens_kappa": 0.5454545454545454,
  "confusion_matrix": [
    [
      5,
      1,
      2
    ],
    [
      1,
      6,
      1
    ],
    [
      1,
      0,
      3
    ]
  ],
  "confusion_matrix_labels": [
    "MET",
    "NOT_MET",
    "UNKNOWN"
  ],
  "f1_per_class": {
    "MET": 0.6666666666666666,
    "NOT_MET": 0.8,
    "UNKNOWN": 0.6
  },
  "by_criterion_type": {
    "inclusion": {
      "accuracy": 0.8,
      "f1_macro": 0.7685185185185185,
      "f1_met_not_met": 0.7777777777777777,
      "cohens_kappa": 0.6825396825396826,
      "confusion_matrix": [
        [
          1,
          0,
          1
        ],
        [
          0,
          4,
          1
        ],
        [
          0,
          0,
          3
        ]
      ],
      "confusion_matrix_labels": [
        "MET",
        "NOT_MET",
        "UNKNOWN"
      ],
      "f1_per_class": {
        "MET": 0.6666666666666666,
        "NOT_MET": 0.8888888888888888,
        "UNKNOWN": 0.75
      }
    },
    "exclusion": {
      "accuracy": 0.6,
      "f1_macro": 0.4444444444444444,
      "f1_met_not_met": 0.6666666666666666,
      "cohens_kappa": 0.2592592592592593,
      "confusion_matrix": [
        [
          4,
          1,
          1
        ],
        [
          1,
          2,
          0
        ],
        [
          1,
          0,
          0
        ]
      ],
      "confusion_matrix_labels": [
        "MET",
        "NOT_MET",
        "UNKNOWN"
      ],
      "f1_per_class": {
        "MET": 0.6666666666666666,
        "NOT_MET": 0.6666666666666666,
        "UNKNOWN": 0.0
      }
    }
  },
  "calibration": {
    "met_bias": -0.050000000000000044,
    "unknown_rate_diff": 0.09999999999999998
  },
  "mean_evidence_overlap": 0.2,
  "gpt4_baseline_accuracy": 0.85,
  "gpt4_baseline_f1_macro": 0.8368024132730015,
  "trial_level": {
    "n_unique_trials": 17,
    "ELIGIBLE": 1,
    "EXCLUDED": 4,
    "NOT_RELEVANT": 4,
    "UNCERTAIN": 8
  }
}