{
  "accuracy": 0.65,
  "f1_macro": 0.6273809523809524,
  "f1_met_not_met": 0.7410714285714286,
  "cohens_kappa": 0.4696969696969697,
  "confusion_matrix": [
    [
      5,
      0,
      3
    ],
    [
      1,
      6,
      1
    ],
    [
      2,
      0,
      2
    ]
  ],
  "confusion_matrix_labels": [
    "MET",
    "NOT_MET",
    "UNKNOWN"
  ],
  "f1_per_class": {
    "MET": 0.625,
    "NOT_MET": 0.8571428571428571,
    "UNKNOWN": 0.4
  },
  "by_criterion_type": {
    "inclusion": {
      "accuracy": 0.8181818181818182,
      "f1_macro": 0.8042328042328042,
      "f1_met_not_met": 0.873015873015873,
      "cohens_kappa": 0.7283950617283951,
      "confusion_matrix": [
        [
          3,
          0,
          1
        ],
        [
          0,
          4,
          1
        ],
        [
          0,
          0,
          2
        ]
      ],
      "confusion_matrix_labels": [
        "MET",
        "NOT_MET",
        "UNKNOWN"
      ],
      "f1_per_class": {
        "MET": 0.8571428571428571,
        "NOT_MET": 0.8888888888888888,
        "UNKNOWN": 0.6666666666666666
      }
    },
    "exclusion": {
      "accuracy": 0.4444444444444444,
      "f1_macro": 0.4148148148148148,
      "f1_met_not_met": 0.6222222222222222,
      "cohens_kappa": 0.11764705882352944,
      "confusion_matrix": [
        [
          2,
          0,
          2
        ],
        [
          1,
          2,
          0
        ],
        [
          2,
          0,
          0
        ]
      ],
      "confusion_matrix_labels": [
        "MET",
        "NOT_MET",
        "UNKNOWN"
      ],
      "f1_per_class": {
        "MET": 0.4444444444444444,
        "NOT_MET": 0.8,
        "UNKNOWN": 0.0
      }
    }
  },
  "calibration": {
    "met_bias": 0.0,
    "unknown_rate_diff": 0.09999999999999998
  },
  "mean_evidence_overlap": 0.15,
  "gpt4_baseline_accuracy": 0.9,
  "gpt4_baseline_f1_macro": 0.9153439153439153,
  "trial_level": {
    "n_unique_trials": 19,
    "ELIGIBLE": 3,
    "EXCLUDED": 5,
    "NOT_RELEVANT": 4,
    "UNCERTAIN": 7
  }
}